Id,MeasurementType,Projection,Distance,WayLength,HeightDifference,HeightMax,Bearing,Slope,DipAngle,DipAzimuth,StrikeAzimuth,SurfaceId,GroupName,BillboardText,Color,Thickness,x,y,z
cbee1375-1791-440e-9cfd-9cec3b098d8c,Polyline,ViewPoint,29.5308288299916,35.444381790824,0.0349984113126993,3394172.35052746,104.838887512146,4.72737421263059,NaN,NaN,NaN,,Measurements,,[221. 188. 38. 0],4,3376383.21688665,-325158.734809386,-121298.123218266
c9d9478a-8d84-43aa-9938-33c8d2890e6b,Polyline,ViewPoint,28.094032862635,33.2894944840306,0.210096641909331,3394171.67093252,104.924029507147,4.36113032504477,NaN,NaN,NaN,,Measurements,,[221. 188. 38. 0],4,3376382.54395097,-325158.377581729,-121298.429730299
0994e6c8-e260-4d57-9df2-e96b8b4498f1,Polyline,ViewPoint,6.35255678255883,6.98077410169434,0.0742189674638212,3394170.77963218,93.6522093698883,6.02988671009034,NaN,NaN,NaN,,Measurements,,[221. 188. 38. 0],4,3376381.33365919,-325163.78406735,-121295.040694879
2eb11f6f-5cce-4ce2-ab96-e0b63d41f15a,Polyline,ViewPoint,4.33774784790729,4.9068311147256,0.0653293197974563,3394170.80689645,94.2776886149382,6.19728576978799,NaN,NaN,NaN,,Measurements,,[255. 255. 255. 0],2.5,3376381.26586516,-325164.907353227,-121294.914790211
ab2a6149-a882-4a91-9906-9fca866c8548,Polyline,ViewPoint,7.38130706203554,8.265225876681,0.0278337709605694,3394170.87923178,116.073842163789,4.26136677217812,NaN,NaN,NaN,,Measurements,,[214. 184. 43. 0],4,3376382.34853772,-325152.910277803,-121297.629972438
c343cccc-514a-4bc2-aaf7-4d7e5c94bd33,Line,Linear,15.2790909568665,15.2790909568665,13.0575611223467,3394172.26962388,199.699201848234,-62.798737715775,NaN,NaN,NaN,,Measurements,,[255. 0. 0. 0],1.5,3376377.64207446,-325145.973214567,-121306.184923914
65ddccb0-fdea-4c6b-850d-0ea802e7faa6,Line,Linear,13.4896668938925,13.4896668938925,8.60882386099547,3394172.30916874,205.001709603786,-43.9689800016032,NaN,NaN,NaN,,Measurements,,[255. 0. 0. 0],1.5,3376379.33738914,-325154.405713412,-121299.740249824
fa80dec9-8086-4a9d-9d85-136230f5c454,Line,Linear,9.21499947405138,9.21499947405138,5.55045466357842,3394172.25000867,197.278049594289,-40.7785817535953,NaN,NaN,NaN,,Measurements,,[255. 0. 0. 0],1.5,3376380.35564394,-325160.292254903,-121296.751342696
8cddf7b9-752a-4f03-948d-73c6d2c60085,Line,Linear,29.0253840034935,29.0253840034935,0.416167390532792,3394171.67324407,284.576217193572,-3.98786908960315,NaN,NaN,NaN,,Measurements,,[255. 0. 0. 0],1.5,3376382.47112819,-325158.041280386,-121299.594176399
9c8e0e76-780f-4de9-bea9-a62ea472048d,Line,Linear,2.76218781112126,2.76218781112126,2.39285493409261,3394167.95201046,241.06100488397,-65.8465301359049,NaN,NaN,NaN,,Measurements,,[255. 0. 0. 0],1.5,3376377.58062979,-325159.057871586,-121301.215199689
4a36115a-6ef8-43f3-aa9e-eb07d6478520,Polyline,ViewPoint,5.48861615696999,6.15408023966797,0.258989488705993,3394171.699874,312.453708048296,-5.39551115807412,NaN,NaN,NaN,,Measurements,,[255. 255. 255. 0],3,3376383.60614687,-325146.68174405,-121301.39593901
8efb3042-3a01-419c-9845-120f55cbbb5a,Line,Linear,0.888197103816657,0.888197103816657,0.82482698559761,3394172.24599974,217.381094931393,-73.4126594013032,NaN,NaN,NaN,,Measurements,,[255. 255. 255. 0],3,3376383.97701555,-325145.128041193,-121302.602502807
3f88afb0-42c5-4e24-b4bf-481337446bde,Line,Linear,1.04988321907573,1.04988321907573,1.03783700149506,3394172.20287914,181.666783171321,-85.4289206586419,NaN,NaN,NaN,,Measurements,,[255. 255. 255. 0],3,3376383.70266931,-325147.085353406,-121300.805584419
2177129f-6d48-472a-b59b-c867ea8076a3,Line,Linear,1.0837606406117,1.0837606406117,0.905567268840969,3394172.11722728,228.17275450238,-62.2043019390197,NaN,NaN,NaN,,Measurements,,[255. 255. 255. 0],3,3376383.58776873,-325148.71911891,-121299.07836976
0419e174-64c3-42fb-9172-039fcbac7ffc,Line,Linear,1.66339796519503,1.66339796519503,0.823940877337009,3394172.11609505,222.800269487199,-34.9711034978001,NaN,NaN,NaN,,Measurements,,[255. 255. 255. 0],3,3376383.09893653,-325155.928056569,-121294.471205711
ad302e8e-8bfa-4134-8506-9230930ca3f3,Polyline,ViewPoint,24.1249579606347,28.6147240320777,0.0536842942237854,3394172.31503255,112.401663178967,4.18093667040231,NaN,NaN,NaN,,Measurements,,[233. 226. 120. 0],5,3376383.68113099,-325153.91072833,-121298.125671473
bae8e50c-f623-4e2c-9461-779e64387abf,Polyline,ViewPoint,24.1538702513638,28.0621931016822,0.24291653977707,3394171.54940031,112.558028380194,4.87552229035836,NaN,NaN,NaN,,Measurements,,[217. 210. 80. 0],5,3376382.71763949,-325155.441755794,-121298.655452956
87fdf9a5-4529-4b46-94bd-86cb3ca2786e,Polyline,ViewPoint,7.8563264147709,8.69319563929966,0.00943935569375753,3394170.70424014,91.8934700493746,5.49943399306825,NaN,NaN,NaN,,Measurements,,[170. 163. 49. 0],5,3376381.35012434,-325163.236902136,-121295.090340294
0f368bdf-be63-404f-82f6-8248853416c7,Polyline,ViewPoint,3.69285513537063,4.13815088452996,0.0302853118628263,3394170.71839406,97.6315908981786,4.71095055117465,NaN,NaN,NaN,,Measurements,,[170. 163. 49. 0],2,3376381.87267174,-325157.468205014,-121295.843631203
747b0ab5-6d55-4a3c-8af7-ff733a721331,Polyline,ViewPoint,26.4460187259979,30.7961380050001,0.250773146748543,3394172.98784607,94.9872519022773,4.75898342600249,NaN,NaN,NaN,,Measurements,,[245. 239. 169. 0],2,3376383.5556876,-325161.151805182,-121294.837720689
08848faf-7748-4c85-af6c-46afbd281aaa,Polyline,ViewPoint,17.1048073150266,21.2830695422731,9.57925061509013,3394174.46531832,206.317507649577,-38.4366930557339,NaN,NaN,NaN,,Measurements,,[166. 161. 24. 0],2,3376381.14176261,-325154.112475408,-121297.056988036
1d8a410a-56b1-46a8-bc7f-2024d7a13a21,Polyline,ViewPoint,16.4584376007523,31.1767563646175,7.56342527503148,3394168.57607281,142.406803222291,-25.7659461904576,NaN,NaN,NaN,,Measurements,,[24. 79. 166. 0],1,3376375.57567385,-325157.485029518,-121303.34401767
739df163-94f1-497f-bdb6-1dc393a7711d,Polyline,ViewPoint,NaN,NaN,NaN,3394170.31193924,NaN,NaN,NaN,NaN,NaN,,Measurements,,[24. 79. 166. 0],1,NaN,NaN,NaN
1e752ed7-fc03-425f-9f13-8ed0d32f2415,Polyline,ViewPoint,NaN,NaN,NaN,3394171.71346133,NaN,NaN,NaN,NaN,NaN,,Measurements,,[24. 79. 166. 0],1,3376381.2825479,-325170.429082453,-121295.450187279
55611533-05db-4fce-9124-218c968fa2ec,Polyline,ViewPoint,5.48459707748875,6.42709421158577,0.176832615397871,3394170.85064183,114.041846913638,6.04535102310144,NaN,NaN,NaN,,Measurements,,[190. 178. 54. 0],5,3376382.32166143,-325153.149187615,-121297.19982168
f0d4a7b1-1671-4168-a52b-45d3fa31040b,Polyline,ViewPoint,8.42138294121926,9.87497757329771,0.152518532704562,3394171.30440582,310.387464097961,-3.90840156649268,NaN,NaN,NaN,,Measurements,,[164. 160. 64. 0],2.5,3376383.11963538,-325147.662462908,-121300.516191104
8aa42f67-132d-43da-99b1-fb285fbe140c,Polyline,ViewPoint,1.26050289204704,19.1471961716225,0.521163344848901,3394170.72351094,39.0828985840975,29.5203464664805,NaN,NaN,NaN,,Measurements,,[24. 79. 166. 0],1,3376381.02919913,-325152.818300141,-121298.68989159
94ab0298-39f9-4ae1-aa5a-491ba666ae42,Polyline,ViewPoint,5.90837248625185,39.8947440469461,0.840012124739587,3394170.31327413,264.260101849032,-13.8537145686703,NaN,NaN,NaN,,Measurements,,[24. 79. 166. 0],1,3376380.37716108,-325157.376868035,-121299.151904466
fab6432f-011d-4b55-bfd3-b577457c95b7,Polyline,ViewPoint,6.88325760979623,44.2666038877152,1.38658234942704,3394171.50914524,77.3980325184066,17.4363812496889,NaN,NaN,NaN,,Measurements,,[24. 79. 166. 0],1,3376381.59443642,-325158.370456272,-121295.980073291
999c9154-4f0f-4a6d-bb9c-6b3df48c38c6,Polyline,ViewPoint,0.00971747452997491,2.67357286568969,0.000722980592399836,3394171.23452917,206.232373731346,0,NaN,NaN,NaN,,Measurements,,[24. 79. 166. 0],1,3376382.28927195,-325156.8623088,-121295.489690782
eee1521d-b159-45b7-bceb-bcd16d4b7424,Polyline,ViewPoint,0.0248373512302891,2.36995750349939,0.0111159184016287,3394171.02093999,109.512913153801,-22.1444514110187,NaN,NaN,NaN,,Measurements,,[24. 79. 166. 0],1,3376381.6586023,-325161.858279425,-121295.145679992
5e28caa5-2d8f-4abd-bb0e-e3d46ad4deca,Polyline,ViewPoint,0.0168868679574853,11.7388432069055,0.00121112633496523,3394168.95657194,204.084366315193,0,NaN,NaN,NaN,,Measurements,,[24. 79. 166. 0],1,3376379.83747957,-325151.254017523,-121301.940487856
386970fc-12ea-4502-b98c-7f89294738cb,Polyline,ViewPoint,3.48717601053699,3.74818951217862,0.0288277403451502,3394165.48311928,114.454116224276,3.68844758402771,NaN,NaN,NaN,,Measurements,,[255. 255. 255. 0],1,3376376.34767437,-325157.779873599,-121302.547942089
e8bd14a4-581f-4182-bfc4-120e89d57d9a,Polyline,ViewPoint,7.75328798561199,8.66357722886454,0.964105644728988,3394165.33824371,106.129505350259,11.874453837871,NaN,NaN,NaN,,Measurements,,[255. 255. 255. 0],1,3376376.04768883,-325153.990019121,-121304.282275598
18dc67f3-6ece-4c3d-80fe-e6cf57ac865e,Polyline,ViewPoint,6.14540682939623,7.1333900653625,0.608182413037866,3394169.73212395,128.790726659703,-2.6933731630577,NaN,NaN,NaN,,Measurements,,[255. 255. 255. 0],1,3376381.105241,-325149.533266028,-121301.03330423
7e420ca9-8300-43ec-813b-c482c10c1ffc,Polyline,ViewPoint,3.8948930646852,4.52445295996164,0.429685710929334,3394168.56955757,121.130325587313,10.0081839597004,NaN,NaN,NaN,,Measurements,,[255. 255. 255. 0],1,3376380.14609583,-325148.266385477,-121303.468570576
dc7ee7fc-fb4f-4496-ad79-10f25687bee1,Polyline,ViewPoint,5.4768448669531,6.335137271275,0.372564441990107,3394166.93196433,116.321326086392,0.114753025529347,NaN,NaN,NaN,,Measurements,,[255. 255. 255. 0],1,3376378.42355772,-325150.013568973,-121303.861016161
d1b45e47-3464-4b1b-bc7a-45e5450ea2f7,Polyline,ViewPoint,5.8054236035936,6.24261768979019,0.296417336445302,3394167.55722204,301.318851997267,-0.702577808261443,NaN,NaN,NaN,,Measurements,,[255. 255. 255. 0],1,3376378.80165496,-325151.077147593,-121303.528332511
2658c8cf-d7ea-472e-89e8-1ca9b27bdf28,Polyline,ViewPoint,3.84839766687882,4.47363373656736,0.616322702262551,3394168.02639228,300.258912632135,5.52143281496663,NaN,NaN,NaN,,Measurements,,[255. 255. 255. 0],1,3376379.06485725,-325153.308323077,-121302.250422656
c9edd47b-a737-4bbe-9f8a-c048c04784e6,Polyline,ViewPoint,1.68753177683652,1.82099513113332,0.144666082691401,3394169.27300433,121.982519756589,8.51946263363513,NaN,NaN,NaN,,Measurements,,[255. 255. 255. 0],1,3376379.875,-325162.23841798,-121297.24311324
93f974af-caae-4682-b50e-9a9e5605492d,Polyline,ViewPoint,5.06128344055008,5.74864718627375,0.810601378325373,3394169.01227185,127.102618361585,-6.09494828130413,NaN,NaN,NaN,,Measurements,,[255. 255. 255. 0],1,3376379.35920188,-325160.751802518,-121298.627361078
5953401b-eac6-43b4-84b4-fd8eeff51514,Polyline,ViewPoint,9.42977469578499,10.8815660080641,0.0810740999877453,3394167.43393288,288.52601583876,-4.0744690779525,NaN,NaN,NaN,,Measurements,,[255. 255. 255. 0],1,3376378.03999321,-325156.904821607,-121301.168945523
4dae36d1-ed13-4e9a-838f-9ddc33782629,Polyline,ViewPoint,6.09028976891837,7.38046890331356,0.570274018682539,3394166.00871869,108.97050341122,9.92358916393294,NaN,NaN,NaN,,Measurements,,[255. 255. 255. 0],1,3376376.875,-325153.345731093,-121304.178439352
f0f3e80f-98ac-4980-a809-cc887fd7b05d,Polyline,ViewPoint,12.6426082974229,15.3084854679444,0.707106966059655,3394167.13886116,110.007184248473,1.25801161361354,NaN,NaN,NaN,,Measurements,,[255. 255. 255. 0],1,3376378.00488338,-325153.694390915,-121302.891697618
8793ed7e-a1bd-4cab-b556-4eebab594854,Polyline,ViewPoint,9.04622556828702,9.45306111473928,0.108484108932316,3394162.44253599,87.2931133562258,4.90344886369432,NaN,NaN,NaN,,Measurements,,[255. 255. 255. 0],1,3376373.832011,-325148.977218137,-121306.404049467
69e79758-872d-4b58-a767-5c6aa43f9530,Polyline,ViewPoint,5.19227991573337,5.47159498198302,0.190740298945457,3394166.41581966,120.413329349375,1.59937189750278,NaN,NaN,NaN,,Measurements,,[255. 255. 255. 0],1,3376377.16264039,-325158.49166533,-121301.739443606
02f56b0d-72b1-4405-b6b7-1afe491a439d,Polyline,ViewPoint,0.852219994782045,0.95493377519364,0.0443744561634958,3394169.67060587,308.927649055074,0,NaN,NaN,NaN,,Measurements,,[255. 255. 255. 0],1,3376381.21982726,-325151.965830081,-121299.035492607
ab49674b-2148-43c7-96da-f8cd735398f6,Polyline,ViewPoint,5.79185948319566,7.04615377431876,0.028469174169004,3394168.16636936,109.558295685292,4.7832969514142,NaN,NaN,NaN,,Measurements,,[255. 255. 255. 0],1,3376379.00851613,-325157.73299829,-121300.464829779
16389a6a-4e80-47a4-841d-60d3db3a39e4,Polyline,ViewPoint,1.85462987261479,2.84275604716119,0.158099753782153,3394169.3185533,177.958833515156,3.05340489955095,NaN,NaN,NaN,,Measurements,,[255. 255. 255. 0],1,3376381.08615755,-325147.070495894,-121304.038596588
9043cc01-5191-43b0-958d-e550fbe0094e,Polyline,ViewPoint,7.98465642052716,9.38256593353575,0.926278620958328,3394170.89173071,132.022511076266,-3.97049534532093,NaN,NaN,NaN,,Measurements,,[255. 255. 255. 0],1,3376382.44602154,-325146.666127283,-121301.780747511
e8ea80f4-96b6-48ba-b36d-e93ebd009dcd,Polyline,ViewPoint,6.5708612044688,7.4639920457521,0.081297776196152,3394166.29010151,107.900783009608,5.31827203885399,NaN,NaN,NaN,,Measurements,,[255. 255. 255. 0],1,3376377.40635518,-325153.128051615,-121304.059600583
da4b7371-b800-4745-8243-8e5a0873152e,Polyline,ViewPoint,6.35356091672718,7.13815769189815,0.528672888409346,3394170.07306677,266.735531246523,-10.3832874287521,NaN,NaN,NaN,,Measurements,,[255. 255. 255. 0],1,3376380.96549075,-325157.103302655,-121297.509091874
fd0b12b9-b64d-4767-9793-70ff14aaeed5,Polyline,ViewPoint,2.22256097928828,2.3785014932468,0.119301458820701,3394168.0264567,297.678626275075,-7.01007693895837,NaN,NaN,NaN,,Measurements,,[255. 255. 255. 0],1,3376378.63562501,-325161.420846893,-121298.990465348
d347663f-0adf-4286-96af-7e8093e78e61,Polyline,ViewPoint,2.15368823469637,2.4973611289799,0.0831639645621181,3394168.81968371,110.361363769075,6.6659182155973,NaN,NaN,NaN,,Measurements,,[255. 255. 255. 0],1,3376379.38259248,-325162.202490128,-121297.744819588
b065358b-f6ab-4db2-8bc2-2e7e1b9d01f8,Polyline,ViewPoint,8.11052068247489,NaN,0.130983493290842,3394172.35045855,256.161151124935,-6.75535884388549,NaN,NaN,NaN,,Measurements,,[255. 255. 255. 0],1,3376382.33393069,-325169.12367496,-121294.432002285
d7b031ed-215a-4384-82db-c6d63b67ca05,Polyline,ViewPoint,4.82228005614481,5.59411625594786,0.232307886239141,3394166.70618254,118.298392358571,6.64605646996407,NaN,NaN,NaN,,Measurements,,[255. 255. 255. 0],1,3376377.44481907,-325158.621764987,-121301.532016387
7cbc2e54-2f80-4c16-b1de-a63e8c06281a,Polyline,ViewPoint,6.16434022871077,6.26429538923031,0.0655316719785333,3394172.61184967,137.987805097327,1.55054536198703,NaN,NaN,NaN,,Measurements,,[245. 239. 169. 0],2.5,3376384.66660011,-325145.94070096,-121300.01563245
8c74e7fd-91e1-47d2-9d31-bb1604124813,Polyline,ViewPoint,8.31851289604107,10.0237798164318,0.0841380218043923,3394172.37930963,256.236250139204,-6.40862291898901,NaN,NaN,NaN,,Measurements,,[233. 227. 120. 0],5,3376382.34078777,-325169.049243373,-121294.417133687
8c2acf63-2bed-4969-9c49-a8289f5aa175,Polyline,ViewPoint,8.22800374682776,8.90922483018446,0.0403252826072276,3394171.00234283,131.596808310294,2.4756184311422,NaN,NaN,NaN,,Measurements,,[190. 178. 54. 0],1.5,3376382.79972183,-325147.573767262,-121301.051024142
31a1ee58-5e46-4473-af01-1e7e6adf1946,Polyline,ViewPoint,6.14145667296338,6.82075951469704,0.119519947096705,3394171.65693376,84.9555847105938,4.5435460954813,NaN,NaN,NaN,,Measurements,,[255. 255. 255. 0],1,3376381.99325312,-325166.247508369,-121294.204162022
a972c5f3-d5e0-44ce-b804-73dec254665e,Polyline,ViewPoint,5.02169314087632,5.28134204858352,0.135332381818444,3394171.72649629,93.0950815791473,3.83718808592988,NaN,NaN,NaN,,Measurements,,[255. 255. 255. 0],1,3376382.61437507,-325160.587241838,-121294.245706096
d0e193da-f8a2-4078-a1fe-896092202f11,Polyline,ViewPoint,7.25493580157302,8.15550499828892,0.339063693303615,3394171.85992348,133.401362832994,5.28287577511188,NaN,NaN,NaN,,Measurements,,[255. 255. 255. 0],1,3376383.57085375,-325149.130554959,-121299.172342987
1f20a8c6-0ea9-49a9-96fc-4a57b19b5559,Polyline,ViewPoint,12.8833980175507,14.7714235643434,0.209137523081154,3394171.733336,127.944029029328,4.0162823991662,NaN,NaN,NaN,,Measurements,,[255. 255. 255. 0],1,3376383.40727048,-325148.879324725,-121299.296467289
d835470a-d826-4862-b7af-8c37d88b9643,Polyline,ViewPoint,1.54787636819225,1.65242443969237,0.348114931024611,3394162.98099062,88.6557174749819,18.5513505149299,NaN,NaN,NaN,,Measurements,,[255. 255. 255. 0],1,3376374.43114886,-325148.693885934,-121306.156779184
4b17c87b-01f6-4334-aa4b-62702f770bec,Polyline,ViewPoint,2.01076083359452,2.13332639912336,0.395167766138911,3394162.88179578,272.967558699601,-16.7311696203245,NaN,NaN,NaN,,Measurements,,[255. 255. 255. 0],1,3376374.22353674,-325149.609970121,-121306.061961041
5818f634-7c33-4218-92f4-65a252acd26f,Polyline,ViewPoint,1.27996193385228,1.33743098075377,0.131284885108471,3394162.33043678,93.3756412482414,11.2633188902488,NaN,NaN,NaN,,Measurements,,[255. 255. 255. 0],1,3376373.625,-325151.422066155,-121306.128807037
d74fe9a6-9f4a-40bb-a69c-7a2b2e9eccae,Polyline,ViewPoint,0.979899909324815,1.04171905642215,0.260038731154054,3394162.7855432,92.1158445912968,20.8229140250538,NaN,NaN,NaN,,Measurements,,[255. 255. 255. 0],1,3376374.26566415,-325148.796807531,-121306.266317425
2a007dce-e07e-483b-8d0f-6d7219074062,Polyline,ViewPoint,3.03430487071138,3.21331771625016,0.643951239995658,3394163.1170839,92.985689462681,17.6500369719605,NaN,NaN,NaN,,Measurements,,[255. 255. 255. 0],1,3376374.28999604,-325150.134985483,-121305.920576688
f55c65c4-59fa-4a9b-9e7e-eb7afa42a35d,Polyline,ViewPoint,1.43018816855587,1.52091453877587,0.270220420323312,3394162.53519579,91.616752523689,16.3400867123602,NaN,NaN,NaN,,Measurements,,[255. 255. 255. 0],1,3376373.90105168,-325149.92941687,-121306.231709213
a06dfae2-48da-46b1-906c-f41028ba0978,Polyline,ViewPoint,1.75766339386723,1.85550831441729,0.35201567504555,3394162.6990456,93.8638407192565,16.914233826067,NaN,NaN,NaN,,Measurements,,[255. 255. 255. 0],1,3376374.01491144,-325149.986195617,-121306.089627938
8ac845f2-fbdc-48f9-a6e4-070f846b80bb,Polyline,ViewPoint,2.96733171242901,3.09676760573932,0.64635320706293,3394163.61178846,96.3317396556098,17.8371318941928,NaN,NaN,NaN,,Measurements,,[255. 255. 255. 0],1,3376374.72863617,-325150.929160075,-121305.378494483
3f01c418-0a51-432f-94f3-265c839bdcaa,Polyline,ViewPoint,2.19987220757341,2.30205296324067,0.369539195671678,3394163.53942153,100.036026184977,14.7450199399406,NaN,NaN,NaN,,Measurements,,[255. 255. 255. 0],1,3376374.72004658,-325151.777352559,-121305.19187459
170c05f6-cd15-4df9-a23c-007f624a4904,Polyline,ViewPoint,1.47271701432585,1.5320092756439,0.113382966257632,3394163.55314623,105.6961301531,9.16776975048589,NaN,NaN,NaN,,Measurements,,[255. 255. 255. 0],1,3376374.81789368,-325152.324389256,-121304.969820117
51923bd8-54a8-4b52-a52c-f8f8b5379b46,Polyline,ViewPoint,1.02013706028541,1.0844064062091,0.233180945273489,3394163.80118533,99.1129907481764,18.3389708006484,NaN,NaN,NaN,,Measurements,,[255. 255. 255. 0],1,3376375.08951298,-325151.397335786,-121305.170163801
208ef2ae-37e3-4890-a65c-b0e26731fe94,Polyline,ViewPoint,2.22637887016574,2.31654767006642,0.374634217470884,3394163.11590578,98.9369775093748,14.8168980031015,NaN,NaN,NaN,,Measurements,,[255. 255. 255. 0],1,3376374.33203806,-325151.2227713,-121305.556712451
76278b9f-ab38-480a-b5f0-93e3e222e352,Polyline,ViewPoint,1.86728314984699,1.94820880776848,0.450067708268762,3394163.17708453,96.6411354581185,19.1907242137886,NaN,NaN,NaN,,Measurements,,[255. 255. 255. 0],1,3376374.39479141,-325150.780120364,-121305.653028179
50bc71ac-c310-45e4-81a9-d46c26d2284d,Polyline,ViewPoint,4.15926129620183,4.50650573106044,0.326197493821383,3394165.48155938,109.454156030585,0,NaN,NaN,NaN,,Measurements,,[255. 255. 255. 0],1,3376376.34790808,-325157.377318837,-121302.541786388
c9afdaa6-0d6b-41d1-9ca5-b726246b115c,Polyline,ViewPoint,4.23652213801623,4.95717733358665,0.289575308561325,3394165.70672183,111.042219827165,8.33035039417722,NaN,NaN,NaN,,Measurements,,[147. 112. 219. 255],2.5,3376376.87973535,-325152.029084802,-121304.546749691
cfe93748-ba72-4f5b-9e8d-c834ffaaf4ac,Polyline,ViewPoint,8.90908609862868,10.1520742946408,0.990884445142001,3394169.92810969,316.363241926072,4.09763194463614,NaN,NaN,NaN,,Measurements,,[255. 255. 255. 0],4,3376381.19256544,-325149.528551934,-121301.130280854
0af492a3-ee07-446c-ba0d-4ec648b28102,Polyline,ViewPoint,4.48439467872869,4.74086659468091,0.145020651165396,3394166.17892164,299.116914336309,-5.67209805377155,NaN,NaN,NaN,,Measurements,,[147. 112. 219. 255],1,3376376.97994781,-325158.245602937,-121301.947640162
af484941-b212-4fa0-b237-46d766465f24,Polyline,ViewPoint,2.71137260634198,3.08197596508868,0.354080443270504,3394170.44857239,105.133501842161,12.2951878053906,NaN,NaN,NaN,,Measurements,,[147. 112. 219. 255],1,3376380.89706839,-325163.396543097,-121295.653719092
c0067d30-9d48-4544-a9b1-3a4c9c7e71ce,Polyline,ViewPoint,3.70062253110844,4.07187817531607,0.40495344158262,3394167.85408509,304.581693887837,-9.67535753901199,NaN,NaN,NaN,,Measurements,,[147. 112. 219. 255],1,3376378.40927005,-325160.209653327,-121300.13476716
d90f6a72-ced2-43a1-936c-2c3a03630a71,Polyline,ViewPoint,7.56839601366774,7.90718249509337,0.513113676104695,3394162.51709725,87.9602809160038,9.45929365393964,NaN,NaN,NaN,,Measurements,,[255. 255. 255. 0],4,3376373.87192101,-325148.300063733,-121306.293908237
b63602ed-bb4c-4e7a-8980-130ec8fe6a02,Polyline,ViewPoint,8.61770634321925,9.09887778983336,0.291971893515438,3394164.92967901,103.73909621111,6.8040682253977,NaN,NaN,NaN,,Measurements,,[255. 255. 255. 0],1,3376375.7604891,-325153.489113574,-121304.329145576
c0084a94-ff0f-4a3e-8fbb-7650dd5cd863,Polyline,ViewPoint,5.15524160553876,5.96588715464443,0.384294073097408,3394165.68395216,110.212626166669,8.74225634922518,NaN,NaN,NaN,,Measurements,,[255. 255. 255. 0],1,3376376.80153821,-325152.230757606,-121304.407369541
05f0c9ec-0a8b-4dcf-b129-f9521eeb800d,Polyline,ViewPoint,8.60761603745082,9.78638586610179,0.486771811265498,3394165.25857175,108.689816637585,7.80617008829098,NaN,NaN,NaN,,Measurements,,[255. 255. 255. 0],4,3376376.17363889,-325154.160792097,-121304.005667503
0610e2cf-60c1-4218-9cd7-d534eab0451f,Polyline,ViewPoint,4.47190055007036,5.38052881162471,0.0136694042012095,3394166.83164787,121.287624153325,3.81700316344024,NaN,NaN,NaN,,Measurements,,[255. 255. 255. 0],1,3376378.28242597,-325150.695887197,-121303.83913038
ca411e5e-07ac-4896-8c87-6b8e522af362,Polyline,ViewPoint,4.39300326086169,4.75857399400449,0.409953500609845,3394167.31394634,124.668665660383,8.7370094974973,NaN,NaN,NaN,,Measurements,,[255. 255. 255. 0],1,3376377.90288068,-325159.497015812,-121300.956491419
d9c983e2-9d8f-46ad-8a3e-d4d5c25c1d1e,Polyline,ViewPoint,5.00708927251108,5.25611692388832,0.069413198158145,3394167.35049077,301.791835969459,-4.3975458573795,NaN,NaN,NaN,,Measurements,,[255. 255. 255. 0],4,3376378.80526465,-325150.565760234,-121303.71693889
956a4999-07da-4b4c-ae74-fd5d2699f515,Polyline,ViewPoint,2.88900415470861,3.18377277890916,0.605802347883582,3394167.84577986,103.372434950178,-7.24406874655794,NaN,NaN,NaN,,Measurements,,[255. 255. 255. 0],4,3376378.81785366,-325154.117338035,-121302.050503563
e6f80926-e8e2-423e-b71e-e07d6d2ba67e,Polyline,ViewPoint,3.70822763670625,4.41186116750883,0.278211387805641,3394168.36406087,291.173883671587,-8.70587293900426,NaN,NaN,NaN,,Measurements,,[255. 255. 255. 0],4,3376378.96935737,-325160.851167086,-121298.868261547
82eb04a0-5ebd-4022-894e-84625b04315f,Polyline,ViewPoint,4.13727267745604,5.82963996122413,0.455486295744777,3394168.36554128,121.491145744389,-2.71633368804003,NaN,NaN,NaN,,Measurements,,[255. 255. 255. 0],4,3376379.15196482,-325157.381617644,-121300.647140298
b76abebc-ae7d-41cc-823b-27e766cc44cb,Polyline,ViewPoint,2.14789252257951,2.34008591240233,0.340519844554365,3394168.74869544,119.257002194006,-5.34771219442785,NaN,NaN,NaN,,Measurements,,[255. 255. 255. 0],1,3376379.37771939,-325160.267256876,-121298.957730715
554a0b8d-a73e-42a8-9c2f-964d66ac16ac,Polyline,ViewPoint,2.39080717048002,2.58019830241771,0.221755054779351,3394169.02018068,123.864677514272,-1.90983742634626,NaN,NaN,NaN,,Measurements,,[255. 255. 255. 0],1,3376379.62179082,-325161.594108423,-121297.865403069
4f40cd8a-2a5e-4e7a-973b-08e62420e63d,Polyline,ViewPoint,2.65341754187477,3.06315034979627,0.0763614536263049,3394169.22322271,122.897221438014,1.85598015820728,NaN,NaN,NaN,,Measurements,,[255. 255. 255. 0],1,3376379.91483896,-325161.465704504,-121297.747121558
40d6c0d4-cd05-40de-9dad-a89765e6ba30,Polyline,ViewPoint,1.52898825448581,1.79534731018112,0.34650923544541,3394169.54943226,118.145189170944,-9.24951852748339,NaN,NaN,NaN,,Measurements,,[255. 255. 255. 0],1,3376380.4470323,-325157.910647224,-121297.832722103
74aa5f3e-1b68-4127-8091-8a9d45325072,Polyline,ViewPoint,2.38520307859675,2.91904040819953,0.48231643345207,3394168.25969339,141.208345689095,-9.87067825340381,NaN,NaN,NaN,,Measurements,,[255. 255. 255. 0],1,3376379.18137599,-325155.740468088,-121300.890586269
290458e2-eab4-40e9-8695-3ccd3176bcd5,Polyline,ViewPoint,2.0735432581994,3.0334158311818,0.260297470260412,3394168.38376378,141.677224030262,-5.44006695456967,NaN,NaN,NaN,,Measurements,,[255. 255. 255. 0],1,3376379.31222674,-325156.858654768,-121300.825974621
a3065a8c-04e5-4512-a72c-7bc17f1e0466,Polyline,ViewPoint,1.4388565657001,1.53326082990518,0.177316676359624,3394170.03934539,91.8044815304601,12.5179944734641,NaN,NaN,NaN,,Measurements,,[255. 255. 255. 0],1,3376381.31556384,-325155.009475493,-121297.503454296
40f5d82f-e272-4234-a1f7-f6c26a7ad0f1,Polyline,ViewPoint,2.18193033152685,2.31122167985065,0.0970877949148417,3394169.64168086,91.1223151630357,8.01188760426011,NaN,NaN,NaN,,Measurements,,[255. 255. 255. 0],1,3376380.90205715,-325155.367564535,-121298.032940848
ccc3c32f-e80f-47ac-8aac-df4a59aa6f03,Polyline,ViewPoint,1.58563473380927,1.67833169114036,0.0632692403160036,3394168.99136857,92.9648570095239,7.67663816847096,NaN,NaN,NaN,,Measurements,,[255. 255. 255. 0],1,3376380.27920572,-325154.735536841,-121299.362172193
e184a2d6-8515-4f2f-bb80-adfac2a72711,Polyline,ViewPoint,1.2460788788973,1.319427186746,0.0757734817452729,3394168.58066478,91.3953609327312,8.93829816398801,NaN,NaN,NaN,,Measurements,,[255. 255. 255. 0],1,3376379.8468021,-325154.576047203,-121300.158976879
727a5fa7-8b46-4c77-80d4-d358f1d8bfb5,Polyline,ViewPoint,3.0056175681032,3.12310780508664,0.248091975226998,3394171.54013839,94.195879570616,0.597917880163673,NaN,NaN,NaN,,Measurements,,[255. 255. 255. 0],1,3376382.27450106,-325161.703839926,-121294.261114306
82247b73-9532-4141-9b20-73426dfc18e3,Polyline,ViewPoint,3.14403674637237,3.48061942085202,0.0379418577067554,3394169.04750517,118.407040258004,3.17481342196252,NaN,NaN,NaN,,Measurements,,[255. 255. 255. 0],1,3376379.70337203,-325161.421239786,-121297.810088696
c60c1dfa-390c-45b6-b701-ebcd98df0f96,Polyline,ViewPoint,2.34544242173433,2.49076566741225,0.117724642623216,3394169.27093671,118.444144234654,6.75111796872802,NaN,NaN,NaN,,Measurements,,[255. 255. 255. 0],1,3376379.86213868,-325161.982356578,-121297.409527609
ef6b4361-2ae2-463d-b3be-42be3a22b1fc,Polyline,ViewPoint,11.8678939001103,13.3158468018607,0.134441243950278,3394166.49160654,111.356796019843,3.73007306094824,NaN,NaN,NaN,,Measurements,,[255. 255. 255. 0],1,3376377.39874244,-325155.004886143,-121302.856916986
4050dc41-326c-4174-8582-49521c86ead3,Polyline,ViewPoint,2.14708942787351,2.27129596621892,0.393557437229902,3394170.74231111,143.817464218139,-9.01843353108957,NaN,NaN,NaN,,Measurements,,[255. 255. 255. 0],1,3376382.1990614,-325151.961620209,-121297.732354799
b06fcf52-d687-4f50-8dba-0f09190ad4c5,Polyline,ViewPoint,0.833299208250549,0.910741917105491,0.149057211354375,3394170.79282498,139.755925163389,-8.36014470550832,NaN,NaN,NaN,,Measurements,,[255. 255. 255. 0],1,3376382.43942129,-325151.055173221,-121298.305955231
bbc41e8f-523e-4e10-9247-c25a582c9780,Polyline,ViewPoint,5.04570375142937,5.85927289999759,0.595997925382108,3394170.90466877,141.261129903896,-4.96942957158792,NaN,NaN,NaN,,Measurements,,[255. 255. 255. 0],1,3376382.58712938,-325147.038652035,-121301.837415429
535a22bb-4197-49f1-b369-af914fa18f47,Polyline,ViewPoint,6.29194688201481,7.08810359377759,0.641317859757692,3394170.70454741,136.095141219805,-3.53425939725791,NaN,NaN,NaN,,Measurements,,[255. 255. 255. 0],1,3376382.29376859,-325147.817172419,-121301.471812664
9bdfc583-5708-4609-9c36-9b97610217b0,Polyline,ViewPoint,2.67837819374565,2.81557593625497,0.507846729364246,3394170.05350249,133.014636305879,-8.34826068487499,NaN,NaN,NaN,,Measurements,,[255. 255. 255. 0],1,3376381.48868403,-325150.752127859,-121299.874838138
a1eec7a5-76bd-4698-bed1-f5458e73d22d,Polyline,ViewPoint,1.94536667596689,2.06169216910631,0.145752711221576,3394169.67735817,127.905515122979,-1.22728902650845,NaN,NaN,NaN,,Measurements,,[255. 255. 255. 0],1,3376381.52266546,-325147.363375933,-121302.596748784
0eeefe77-8724-4ed7-9b10-459b55a7a70d,DipAndStrike,ViewPoint,1.88041573934875,1.96006617689847,0.160666205920279,3394170.33428878,124.037304426933,-1.50250022900479,2.22394094810952,176.305207138634,86.3052071386339,,Measurements,,[147. 112. 219. 0],2.5,3376382.25105488,-325146.372079854,-121303.109282169
86a6faeb-ffdb-4d37-8192-d5d248d263a9,DipAndStrike,ViewPoint,1.7286824338744,1.78369603047175,0.211663792375475,3394170.61926087,127.570013888474,-3.94470498158259,10.3606883143757,194.94163625384,104.94163625384,,Measurements,,[147. 112. 219. 255],2.5,3376382.53456521,-325146.074588656,-121303.275687678
7a958431-b1c0-4311-9e27-6e40b2e9cb83,DipAndStrike,ViewPoint,1.93040796980598,1.99864901661637,0.0734924105927348,3394169.9196808,118.426403433019,1.67823068880837,3.49895187105049,355.694351829829,265.694351829829,,Measurements,,[147. 112. 219. 255],2.5,3376381.87378543,-325146.391262123,-121303.23216768
c601df72-fa57-4f31-9918-ceb0036c1e58,DipAndStrike,ViewPoint,1.81027393280557,1.84303149256131,0.0733882403001189,3394169.79760979,116.085561891719,1.71387604161479,5.79074703035435,10.2257038201669,280.225703820167,,Measurements,,[147. 112. 219. 255],2.5,3376381.75029301,-325146.360912103,-121303.271856484
d02047b1-f429-42ec-8377-2458164a8473,DipAndStrike,ViewPoint,1.72988551813081,1.79740209082083,0.133609443437308,3394170.0405677,120.097197014184,-0.707478843083156,13.8464383630549,33.1232555268991,303.123255526899,,Measurements,,[147. 112. 219. 255],2.5,3376381.97940145,-325146.285539828,-121303.283501576
ab75cf60-4e1c-4763-a82d-6836e5272164,DipAndStrike,ViewPoint,2.06303780206943,2.09577448786822,0.0816721408627927,3394169.70663429,116.626452122799,1.72814518251014,4.72267734469392,228.924761259032,138.924761259032,,Measurements,,[147. 112. 219. 255],2.5,3376381.64310482,-325146.542088836,-121303.185537677
6cccdb3e-a853-441c-b7d8-09bf2121930a,DipAndStrike,ViewPoint,0.631696053654632,0.831268227829874,0.037499284837395,3394170.27422359,149.395486451003,-2.38344619131587,5.7768330241561,89.7898951879811,359.789895187981,,Measurements,,[147. 112. 219. 255],2.5,3376382.43642567,-325143.88462502,-121304.210682091
4b3acf41-0dcf-4c41-9662-55a813b37ae1,DipAndStrike,ViewPoint,0.525761423887071,0.644011612794423,0.0179036241024733,3394170.52819495,342.930502069941,2.30992838732906,2.51772892401,124.785725052657,34.7857250526565,,Measurements,,[147. 112. 219. 255],2.5,3376382.69591006,-325144.030696197,-121304.216967699
0d8d7cc9-1518-48a4-8e4b-2c89537a3267,DipAndStrike,ViewPoint,1.82852381207882,1.94257545107466,0.165265594609082,3394170.60737283,144.377688332571,-3.67103973386701,9.54902958166177,211.65131060223,121.65131060223,,Measurements,,[147. 112. 219. 255],2.5,3376382.46441267,-325147.387228252,-121302.0454617
6371c09d-df1c-4a24-af1b-74537792458a,DipAndStrike,ViewPoint,1.14115869720942,1.20989904834948,0.110367722343653,3394170.36009185,140.608357027015,-3.66622960472364,3.62914348043541,146.909879278649,56.9098792786494,,Measurements,,[147. 112. 219. 255],2.5,3376382.1917023,-325148.000440918,-121301.822260578
47d6edc9-f39d-4eff-9113-524510c4930c,DipAndStrike,ViewPoint,0.472451916064162,0.606487103073325,0.0720998649485409,3394170.1700236,150.573834297702,-7.90563908911371,8.35613435989041,137.252048730714,47.2520487307141,,Measurements,,[147. 112. 219. 255],2.5,3376381.81248476,-325151.069471591,-121299.427571655
a9747820-a7de-458d-9fd7-02bb550f8567,DipAndStrike,ViewPoint,0.855138240306696,0.880498850576678,0.118346018251032,3394170.06367466,137.616703528301,-5.79330970779377,7.7993775119416,92.4259654354171,2.42596543541713,,Measurements,,[147. 112. 219. 255],2.5,3376381.65975829,-325151.300855466,-121299.376166645
ba7c8752-c811-4d78-8919-506bf3086a52,DipAndStrike,ViewPoint,1.19592243148769,1.28814324105053,0.217506569810212,3394169.95524316,139.694801965334,-8.52965876164834,8.85294835237391,148.787094309596,58.7870943095963,,Measurements,,[147. 112. 219. 255],2.5,3376381.49052003,-325151.482972327,-121299.17730726
7d868d76-3bef-4328-ab69-88f5514ccdf3,DipAndStrike,ViewPoint,1.1910560921678,1.2250176648416,0.0450096251443028,3394169.37503909,126.155191486946,1.06352979225679,3.39247547275248,240.127807590131,150.127807590131,,Measurements,,[147. 112. 219. 255],2.5,3376381.16939578,-325148.380586408,-121302.489081042
06e2afc5-cce0-4414-8de2-4fc4438cd1df,DipAndStrike,ViewPoint,1.3741824455059,1.42044337407424,0.100597339682281,3394170.01441845,133.817778322895,-1.66174407356028,1.45658035706118,147.712497184343,57.712497184343,,Measurements,,[147. 112. 219. 255],2.5,3376381.85471519,-325147.769880077,-121302.284498035
dcede8f7-92b1-430d-b700-d13765267f5e,DipAndStrike,ViewPoint,0.918303457064571,1.19632076544059,0.0717109483666718,3394170.87811257,148.244082970096,-3.34813529105981,8.28985377058152,214.115332864531,124.115332864531,,Measurements,,[147. 112. 219. 255],2.5,3376383.05982015,-325143.722072966,-121303.972918052
7073574a-c081-41da-8155-818e6940d6d2,DipAndStrike,ViewPoint,1.13159152402971,1.16138096458515,0.119877557270229,3394170.74571939,144.275972359362,-4.56095003713716,4.68130052342076,153.061874306688,63.0618743066876,,Measurements,,[147. 112. 219. 255],2.5,3376382.64391463,-325147.125548003,-121302.237539433
d314f4dc-fbe7-4ab9-aed9-8195fcbf7a24,DipAndStrike,ViewPoint,1.49643581167748,1.53644399099566,0.18486518599093,3394170.49099744,140.084859785727,-5.16884905473619,6.09824394051848,174.110427402037,84.1104274020372,,Measurements,,[147. 112. 219. 255],2.5,3376382.31425503,-325147.632100909,-121302.01901999
ee16ba41-1485-4646-bcc1-dd21949813e0,DipAndStrike,ViewPoint,0.721784587864668,0.896900216755248,0.0348284356296062,3394169.58023648,158.99498941716,-2.72427603411566,6.75388572850536,93.951041440902,3.951041440902,,Measurements,,[147. 112. 219. 255],2.5,3376381.5313243,-325146.01800042,-121304.152669757
22ddec78-d05a-4705-bf9d-5be647ec8f05,DipAndStrike,ViewPoint,0.741324617478872,0.900185876931921,0.00277643650770187,3394169.42564319,167.644424977713,-1.04579477731761,10.3592858622172,83.8380104837351,353.838010483735,,Measurements,,[147. 112. 219. 255],2.5,3376381.37272606,-325146.170600553,-121304.064758475
c089b66d-ab2a-4670-90b0-68b897b4fac5,DipAndStrike,ViewPoint,1.16409899790503,1.19389857377681,0.0677932519465685,3394169.10077567,141.034669989565,-1.48586437757415,13.8977628377885,56.6762359186719,326.676235918672,,Measurements,,[147. 112. 219. 255],2.5,3376380.9932136,-325146.732971225,-121303.904474952
7c3cbc08-19d0-4cbb-a968-3394d6cc80f1,DipAndStrike,ViewPoint,1.15396492575968,1.19617059104183,0.0934841902926564,3394169.24687809,146.108354599091,-3.3021390418055,12.4112127561745,70.7093456684989,340.709345668499,,Measurements,,[147. 112. 219. 255],2.5,3376381.14728183,-325146.527543035,-121303.892672267
60d11dc4-7745-42d0-b08a-4db10effa02e,DipAndStrike,ViewPoint,0.58381483489978,0.677887003699859,0.0450839623808861,3394170.08979717,148.621183423156,-3.33601710287309,8.92170778569131,80.0596207955769,350.059620795577,,Measurements,,[147. 112. 219. 255],2.5,3376381.9091447,-325148.488092067,-121301.471851268
2a14226d-dc87-413a-b42f-42badb15dc56,DipAndStrike,ViewPoint,1.69001393661954,1.744605711683,0.0283489506691694,3394169.11661627,124.131905699976,4.372692189284,12.2887458453083,12.8304791037757,282.830479103776,,Measurements,,[147. 112. 219. 255],2.5,3376380.86965332,-325148.676099425,-121302.492467912
3dae3089-6d02-49c7-88f0-2563d8fa9f51,DipAndStrike,ViewPoint,1.27295380738187,1.3886399934313,0.0861621233634651,3394168.94088199,144.861345150032,5.392310539536,6.77775061956384,292.645647283068,202.645647283068,,Measurements,,[147. 112. 219. 255],2.5,3376380.80328708,-325147.060259621,-121303.615765365
5c3cd61f-e3dd-4fae-8d75-604dc9f16dd8,DipAndStrike,ViewPoint,1.54591806041244,1.68921214443299,0.148307587951422,3394168.83973663,146.310504165541,6.88025270660727,13.1315379721902,267.78766777472,177.78766777472,,Measurements,,[147. 112. 219. 255],2.5,3376380.66660198,-325147.028994539,-121303.738407235
a41efc76-971a-40e5-9e2d-c570a0f02c66,DipAndStrike,ViewPoint,1.58204434934687,1.62930850480083,0.0544815585017204,3394169.02212389,120.671106666503,5.6704198823963,7.83443967070518,340.632859066685,250.632859066685,,Measurements,,[147. 112. 219. 255],2.5,3376380.7712688,-325148.66618079,-121302.56210958
f0ca0db1-ef7a-49ef-97eb-8c00fa075f04,DipAndStrike,ViewPoint,1.47901405150204,1.56406772183789,0.0787337855435908,3394168.90082934,119.326019556506,6.85765931935447,8.65690208376433,337.321458596116,247.321458596116,,Measurements,,[147. 112. 219. 255],2.5,3376380.6345521,-325148.701821085,-121302.586247432
98ec1403-26a3-44fb-bef5-51e42dfa426e,DipAndStrike,ViewPoint,1.13039377921106,1.21315834664894,0.0863578710705042,3394168.55178577,145.224202306724,5.85909506021794,8.65729327675747,14.6710824999852,284.671082499985,,Measurements,,[147. 112. 219. 255],2.5,3376380.39634991,-325147.170369429,-121303.758773789
c681e7af-9ba6-4f58-9900-fe1412356710,DipAndStrike,ViewPoint,1.74695088290236,1.82224590801473,0.109932405874133,3394168.51993365,109.856212404096,8.09710500280726,10.8085135551895,332.299924390317,242.299924390317,,Measurements,,[147. 112. 219. 255],2.5,3376380.21454349,-325149.008913845,-121302.668644693
48909332-a5f2-4b48-8b57-1b3ec5bfa678,DipAndStrike,ViewPoint,0.835513800741932,0.863051595499783,0.0789045887067914,3394168.74810266,115.041906389307,9.55405768923989,17.8654530101329,353.207660970511,263.207660970511,,Measurements,,[147. 112. 219. 255],2.5,3376380.4788131,-325148.77306815,-121302.741369641
81b09add-0881-4e1b-ad87-1c19613471b7,DipAndStrike,ViewPoint,0.709362616232435,0.719163084140732,0.0641905912198126,3394170.00245717,84.4931446296759,10.8648905801654,10.7052355137524,266.950965645751,176.950965645751,,Measurements,,[147. 112. 219. 255],2.5,3376381.1457915,-325157.165855508,-121297.017279992
c244a8f1-dfa6-4d8d-986f-680e5e389035,DipAndStrike,ViewPoint,0.701919121957472,0.722656683924162,0.0394807090051472,3394170.15428856,87.2883337074936,8.81714055481651,8.87428513957233,257.535685105991,167.535685105991,,Measurements,,[147. 112. 219. 255],2.5,3376381.3294475,-325157.04305449,-121296.847949967
a3c34423-b1fb-4b2f-8416-35a78ca5e9d7,DipAndStrike,ViewPoint,0.798166620886104,0.813947409620161,0.0659195710904896,3394170.50822407,120.117230974157,8.48711499899051,25.8962159207805,12.1233901873725,282.123390187372,,Measurements,,[147. 112. 219. 255],2.5,3376381.17301818,-325162.68740042,-121295.574389712
7cf2f23b-e229-4100-94c0-ba0ac97a2eef,DipAndStrike,ViewPoint,0.78013554041262,0.786964526834862,0.103840302675962,3394169.97379828,290.57599419957,-12.1000935613406,23.5004859876832,351.666431360821,261.666431360821,,Measurements,,[147. 112. 219. 255],2.5,3376380.53026576,-325163.576728681,-121295.596759891
51d50f41-8c4d-4d80-b4ef-5dd8e16bf8e1,DipAndStrike,ViewPoint,0.897918556840409,0.916216516505066,0.0767189334146678,3394170.40494242,106.137128167255,9.62823882716765,21.1212659966376,349.914332362854,259.914332362854,,Measurements,,[147. 112. 219. 255],2.5,3376380.96942186,-325163.829040933,-121295.140046679
3c05f41b-a934-447f-861d-e12c5c92f1b7,DipAndStrike,ViewPoint,0.400912833732278,0.420696190129678,0.0385389598086476,3394169.648313,136.527906491954,7.84219064110405,20.4777305451082,25.6716277093961,295.671627709396,,Measurements,,[147. 112. 219. 255],2.5,3376380.41047554,-325161.138858643,-121297.272247114
ba5149f1-35a0-4ebc-baf6-53638a41c18f,DipAndStrike,ViewPoint,2.08628747967212,2.11585385588048,0.190450803842396,3394169.74673686,116.158700834261,9.29077697219836,13.0362864702901,342.507408330046,252.507408330046,,Measurements,,[147. 112. 219. 255],2.5,3376380.34501813,-325162.35497401,-121296.462946553
aef0e570-4dbe-418d-8ff6-9e1506cab6e2,DipAndStrike,ViewPoint,0.718462910590207,0.730418274591021,0.0661857365630567,3394170.25114036,115.963123830455,9.35333639832531,10.4954028784885,273.089550062605,183.089550062605,,Measurements,,[147. 112. 219. 255],2.5,3376380.94724298,-325162.160090329,-121296.075041295
a431953a-72ce-4a04-a83a-ce86e69a77fe,DipAndStrike,ViewPoint,1.73390343603841,1.75028062466951,0.178551155142486,3394169.79300618,115.136724029185,10.0403683100849,11.1905575659111,322.714747249069,232.714747249069,,Measurements,,[147. 112. 219. 255],2.5,3376380.36965097,-325162.736549914,-121296.215591792
d84e3111-ffd7-49b3-aea4-74f9a214f5d2,DipAndStrike,ViewPoint,1.22765047102931,1.2528132690577,0.124187197070569,3394167.59472517,112.604062678111,10.1146732331264,11.0492858124085,312.808184433315,222.808184433315,,Measurements,,[147. 112. 219. 255],2.5,3376379.1865156,-325149.351439051,-121304.277307002
832e97dc-607f-499d-997f-7f6de761a434,DipAndStrike,ViewPoint,1.53634005674357,1.56228180544473,0.249627615325153,3394169.42969328,136.567796161972,-7.09572794617172,7.2914130938512,152.762457224446,62.7624572244457,,Measurements,,[147. 112. 219. 255],2.5,3376380.97327239,-325150.809584801,-121300.224797735
24f0f2a4-4ca5-49fc-bc98-11a4357f9325,DipAndStrike,ViewPoint,1.41978120322542,1.51989647771595,0.231797395739704,3394167.90502966,295.425703692343,-13.5146182329921,15.1256721406273,271.227712668695,181.227712668695,,Measurements,,[147. 112. 219. 255],2.5,3376378.63540396,-325159.079503879,-121300.747282409
e9f1ab01-0352-4217-a0c2-0c4be04464d6,DipAndStrike,ViewPoint,1.06271712504477,1.17358202924632,0.129022509790957,3394168.08930471,291.671160841903,-11.3491711786491,12.913161831395,267.849267673059,177.849267673059,,Measurements,,[147. 112. 219. 255],2.5,3376378.87090842,-325159.221429132,-121300.419369415
b99ad35b-fdb0-481d-95ff-30203d18605d,DipAndStrike,ViewPoint,1.29645108856285,1.31340079541614,0.139724005479366,3394167.63581902,298.966282451963,-10.0308728381025,10.2490659136164,306.443017781574,216.443017781574,,Measurements,,[147. 112. 219. 255],2.5,3376378.26086695,-325161.14318853,-121299.366443308
4339fdbb-d2a3-4e18-8c79-08f7fd57ecf0,DipAndStrike,ViewPoint,0.859806606765541,0.876314290788242,0.0777814257889986,3394167.97055931,297.926488986792,-9.11077843113152,9.88022834433223,274.884988862681,184.884988862681,,Measurements,,[147. 112. 219. 255],2.5,3376378.63176854,-325161.230250984,-121299.042229447
431a7823-430b-4cd5-844a-bce2e6947c31,DipAndStrike,ViewPoint,1.22773857034819,1.24721250382919,0.151123796589673,3394167.37886472,119.07555035042,10.9086648117565,11.0864886879308,303.660100253034,213.660100253034,,Measurements,,[147. 112. 219. 255],2.5,3376378.00054323,-325160.992699485,-121299.666462513
c654e12a-cedf-4301-8599-860ec27dc2ab,DipAndStrike,ViewPoint,1.14381253159419,1.15524344695123,0.0401073470711708,3394168.16027127,302.318819421689,-5.57413726205569,5.8039709240199,323.393023904644,233.393023904644,,Measurements,,[147. 112. 219. 255],2.5,3376378.94515354,-325159.829972096,-121299.908344029
c2721bc9-8163-4012-abef-7d05db8334b8,DipAndStrike,ViewPoint,1.00368839000567,1.03083133210178,0.0463169096037745,3394166.95904839,289.289068918153,-7.16930939280577,7.91064293512372,262.394724149685,172.394724149685,,Measurements,,[147. 112. 219. 255],2.5,3376377.83722335,-325157.913797103,-121302.185018581
da7f1cd8-ea0e-422a-aae4-1b8c1b69cd16,DipAndStrike,ViewPoint,1.65852800669935,1.77756118610483,0.0182958235964179,3394167.13859929,121.129497165124,3.02002107015459,13.5203798429348,222.630087334242,132.630087334242,,Measurements,,[147. 112. 219. 255],2.5,3376378.00030212,-325158.274858347,-121301.840346973
54b19b6d-00f9-4e08-a1f1-a75499aaed66,DipAndStrike,ViewPoint,1.06268300683546,1.09029509420267,0.0139795416034758,3394166.09225472,113.683914033989,4.97426725256482,11.1987761711976,230.807918337573,140.807918337573,,Measurements,,[147. 112. 219. 255],2.5,3376376.82717401,-325159.8451399,-121301.110229419
55620833-d1e0-46ae-8dfa-563d6c364dc3,DipAndStrike,ViewPoint,2.02976764247066,2.07359251499834,0.158682141453028,3394165.63811123,122.053490447949,-0.91914539558665,4.31591648810138,204.660244129972,114.660244129972,,Measurements,,[147. 112. 219. 255],2.5,3376376.39774462,-325158.467227248,-121302.23528027
35b1dc1b-99ff-42f2-b9ac-c3ddca21530e,DipAndStrike,ViewPoint,1.16761711120958,1.18070401316895,0.0330888889729977,3394165.97547721,103.697911610914,6.48828795925648,17.3683778041454,212.855696175763,122.855696175763,,Measurements,,[147. 112. 219. 255],2.5,3376376.93615715,-325156.793885938,-121302.931347729
ee920a53-fd66-45d5-9a4f-997e30ae3549,DipAndStrike,ViewPoint,0.998822943407113,1.01014380807576,0.123286694288254,3394164.55967891,109.149379237102,11.633106348042,13.4600815767098,319.795193637914,229.795193637914,,Measurements,,[147. 112. 219. 255],2.5,3376375.79906259,-325152.783233728,-121304.454924658
4c7aca47-906b-4ac6-8767-01776ea2e3fd,DipAndStrike,ViewPoint,1.63260241370408,1.66059815880483,0.16141416085884,3394164.3108958,102.126332549839,10.6325287480854,28.0606358168299,351.736110206168,261.736110206168,,Measurements,,[147. 112. 219. 255],2.5,3376375.54651556,-325152.41373263,-121304.583355188
92771844-4192-42b5-abe9-a08eabb04c59,DipAndStrike,ViewPoint,0.916020164841353,0.925821585413265,0.0832931878976524,3394163.30134412,87.7153896711194,10.7974808234305,12.6606866228705,239.688409741899,149.688409741899,,Measurements,,[147. 112. 219. 255],2.5,3376374.33638967,-325154.89560896,-121304.867759815
7325fe21-e38f-43c6-bcc2-ea9c5d996bd9,DipAndStrike,ViewPoint,0.64042746877105,0.642799213298262,0.0683299945667386,3394163.51064937,92.2900133787145,11.5445266375825,21.7197085960721,332.038113001426,242.038113001426,,Measurements,,[147. 112. 219. 255],2.5,3376374.53133322,-325155.235048508,-121304.59114925
d6e1c0d2-4973-468d-a504-e8d91f5047aa,DipAndStrike,ViewPoint,1.70723886973865,1.71463172614405,0.202485309913754,3394163.7406738,106.056297870216,11.5466417883446,25.011275061199,350.238111525046,260.238111525046,,Measurements,,[147. 112. 219. 255],2.5,3376374.96958034,-325152.259276129,-121304.922879204
338ce0f5-5920-4297-bf48-0c620320ddd3,DipAndStrike,ViewPoint,1.37115347723897,1.37639362002683,0.10460483841598,3394163.75126232,94.305987673266,9.71152964966696,25.9031638837633,343.424190602607,253.424190602607,,Measurements,,[147. 112. 219. 255],2.5,3376374.78104095,-325155.04015035,-121304.382246379
227becb3-ae0f-4dd0-bb8c-afb17e0301a5,DipAndStrike,ViewPoint,1.00368585750355,1.01659349812993,0.109191764611751,3394163.91026718,283.854363644046,-11.1087010032563,14.5646814093324,321.737550314221,231.737550314221,,Measurements,,[147. 112. 219. 255],2.5,3376375.11867294,-325153.043945863,-121304.577627947
917fb880-157c-426b-a6f9-98dc817c905d,DipAndStrike,ViewPoint,1.15578506235131,1.16679703492601,0.109195986762643,3394163.79854201,105.856498853926,10.1657587952917,13.7199816755583,327.417457553947,237.417457553947,,Measurements,,[147. 112. 219. 255],2.5,3376375.11614558,-325151.801459815,-121304.994885034
29cb1478-3702-489f-984a-987513587d8e,DipAndStrike,ViewPoint,7.04694607807198,7.1240271906443,0.502585937269032,3394162.51788785,87.682632405162,9.67054107926873,32.86683458026,342.252474027809,252.252474027809,,Measurements,,[147. 112. 219. 255],2.5,3376373.87380356,-325148.562926128,-121306.321180669
f71f3f9f-567c-4a00-be57-bb61605d4c7e,DipAndStrike,ViewPoint,2.69920050979198,2.70920592376406,0.506296920590103,3394163.10132591,94.7344884468272,16.135215109951,37.8246314845881,342.960944594772,252.960944594772,,Measurements,,[147. 112. 219. 255],2.5,3376374.30939253,-325150.542377306,-121305.760836591
77540da2-b57a-4d19-b548-877147866316,DipAndStrike,ViewPoint,1.12809221628244,1.13504887738745,0.0505030732601881,3394161.85410268,97.5231995054386,7.75531951343275,18.3738932783152,342.082297355572,252.082297355572,,Measurements,,[147. 112. 219. 255],2.5,3376373.25837429,-325150.410546111,-121306.846824422
8257cca7-e9c9-4c51-a7f9-9126af8a0ef5,DipAndStrike,ViewPoint,1.18130053454566,1.20081964091289,0.0939258253201842,3394161.99217401,95.6859786487353,9.83673262165968,16.2050422564532,327.136507707751,237.136507707751,,Measurements,,[147. 112. 219. 255],2.5,3376373.37113721,-325150.500952928,-121306.72167881
dc2a0ef7-21a2-43ea-a01b-5d013c3e7048,DipAndStrike,ViewPoint,0.934101744004054,0.956410454744454,0.0308301690965891,3394164.18186414,281.504551240724,-6.87785833336613,11.945103013485,335.629754027674,245.629754027674,,Measurements,,[147. 112. 219. 255],2.5,3376375.5316188,-325151.988329505,-121304.751670505
1bf07e0b-7f46-45a7-a692-ed4ff66e81b1,DipAndStrike,ViewPoint,0.499513726526306,0.504630132302828,0.0393705698661506,3394167.17614298,123.130822594395,-1.04481963172418,28.6028819384437,35.5221215041483,305.522121504148,,Measurements,,[147. 112. 219. 255],2.5,3376378.82345906,-325148.985186756,-121304.90166439
de6dd79b-2724-4c20-8b90-dff3cb66dfd3,DipAndStrike,ViewPoint,0.389058644540679,0.397970221457192,0.0190110518597066,3394166.69779041,115.866154775408,1.25146867085755,16.3358867129714,211.464900475629,121.464900475629,,Measurements,,[147. 112. 219. 255],2.5,3376378.3495857,-325148.923785217,-121304.931160089
035bf6bd-1b91-4cfe-b092-6026dd19a0df,DipAndStrike,ViewPoint,0.811946347603075,0.827609907833043,0.0128698223270476,3394167.29030468,116.710548862884,4.90786802968133,12.3852132738971,3.96482571592483,273.964825715925,,Measurements,,[147. 112. 219. 255],2.5,3376378.94711107,-325148.937777075,-121304.817518185
bed57746-6173-4dd3-92c5-9e2586ccaa8c,DipAndStrike,ViewPoint,1.4615562612843,1.50488191153903,0.044595627579838,3394166.82623106,121.606113436121,5.36988047302217,40.6662757527623,25.1727207581724,295.172720758172,,Measurements,,[147. 112. 219. 255],2.5,3376378.23752894,-325151.823850059,-121303.094012806
61ad1848-bf8b-4f4e-8cd6-16b624a6e5d8,DipAndStrike,ViewPoint,1.51851411682869,1.5534605147337,0.16830275207758,3394166.16885887,113.823032050707,10.5882516167713,24.6447980214353,359.910426844948,269.910426844948,,Measurements,,[147. 112. 219. 255],2.5,3376377.55885785,-325150.918818208,-121304.866393646
6027abdf-2213-4ed1-9d75-3e89d4051241,DipAndStrike,ViewPoint,1.46624585225902,1.47768969286527,0.108448863960803,3394165.58101466,102.977546535185,9.15091470837545,12.2345274542731,322.665166391754,232.665166391754,,Measurements,,[147. 112. 219. 255],2.5,3376376.97151924,-325151.026683865,-121305.152405724
b1fd0c64-33d1-4121-915f-d626350f1e51,DipAndStrike,ViewPoint,0.551920267297458,0.554450067697428,0.12406345224008,3394164.23446515,105.132929831654,17.7916079879139,20.3397957701911,315.975271922973,225.975271922973,,Measurements,,[147. 112. 219. 255],2.5,3376375.39160243,-325153.703781886,-121304.218100786
5a67776a-5ae8-4a56-988f-8477307936a3,DipAndStrike,ViewPoint,1.50932364031658,1.55815844112487,0.0058761965483427,3394165.24547796,111.790861516033,4.12738829182541,4.52526190907263,286.759872533804,196.759872533804,,Measurements,,[147. 112. 219. 255],2.5,3376376.19687203,-325156.857054371,-121303.028281851
b8cc4b22-fe05-4693-a573-48f51f9c46a2,DipAndStrike,ViewPoint,1.66813032294178,1.7338224836655,0.101830404251814,3394165.36794515,112.671354561361,0.78160393772723,8.79529504755284,206.567041986261,116.567041986261,,Measurements,,[147. 112. 219. 255],2.5,3376376.27167156,-325156.940280947,-121302.976983066
f43e3c7f-ff10-4a05-b9fe-40751784907f,DipAndStrike,ViewPoint,1.57426855446737,1.60854313061454,0.0308334855362773,3394165.80538074,106.205676946192,5.83775170305137,14.6408054523565,219.301324453102,129.301324453102,,Measurements,,[147. 112. 219. 255],2.5,3376376.75091204,-325156.967945873,-121302.893033155
b8e6c113-a915-4d14-bf61-422236ac1b5d,DipAndStrike,ViewPoint,2.54511110545328,2.59258101050974,0.0582461091689765,3394166.22189065,115.300201596407,5.41669689614286,6.01290325996631,264.476940686216,174.476940686216,,Measurements,,[147. 112. 219. 255],2.5,3376377.12042805,-325157.496589487,-121302.461584599
45d54813-cb97-4a59-9443-fb7ea652acfd,DipAndStrike,ViewPoint,1.18980605275413,1.20622077904762,0.132593071088195,3394165.78475466,122.754340656025,-2.89771182767236,9.84250021881913,50.1504385019948,320.150438501995,,Measurements,,[147. 112. 219. 255],2.5,3376376.55988453,-325158.463713697,-121302.199871461
f62ec295-5263-4bab-9026-4e5569eb220d,DipAndStrike,ViewPoint,1.15349086923246,1.1567973385812,0.2650255439803,3394163.31078991,99.5609261313516,18.3863856772266,18.3796072656835,279.869844068109,189.869844068109,,Measurements,,[147. 112. 219. 255],2.5,3376374.59838575,-325151.102646444,-121305.45220792
9cbb966e-8dd6-464e-b822-b784bd990234,DipAndStrike,ViewPoint,24.1672456607422,26.9205898008503,0.0600050739012659,3394172.25915683,112.02812761953,4.19202041183486,5.05303379874159,259.267668931071,169.267668931071,,Measurements,,[147. 112. 219. 255],2.5,3376383.67736116,-325154.001150069,-121298.226703442
9e5394bc-6be3-48c1-a9e7-6b902c0a7d4f,DipAndStrike,ViewPoint,23.9038489598712,26.6233675290976,0.224784702062607,3394171.506458,112.980030884311,4.80847513202534,4.65949196453516,288.441650736114,198.441650736114,,Measurements,,[147. 112. 219. 255],2.5,3376382.68329709,-325155.464597925,-121298.606440358
a9a3f4af-ebd0-44a4-95ae-31327e5db627,DipAndStrike,ViewPoint,20.9809578037581,22.6828608674594,0.360200087539852,3394171.00152431,107.206054747648,5.63733009887284,5.5441538021757,279.91256041333,189.91256041333,,Measurements,,[147. 112. 219. 255],2.5,3376381.98302106,-325156.916347604,-121298.116899025
55a32f89-a271-41d0-9e16-d849663c97b7,Line,Linear,3.35620662644437,3.35620662644437,2.45027682930231,3394171.52560989,247.318114446458,-52.7570932744464,NaN,NaN,NaN,,Measurements,2.7 m,[0. 0. 0. 0],2.5,3376382.32192494,-325146.080704568,-121303.219234114
60d09408-72da-42c1-ac16-0b9bdf5f9c80,Line,Linear,3.14366689242844,3.14366689242844,1.99064552597702,3394171.32140699,241.696424759578,-45.1068986450433,NaN,NaN,NaN,,Measurements,2.23 m,[0. 0. 0. 0],2.5,3376382.16906301,-325148.897900117,-121300.639309599
f548414a-b9c6-4b7c-bd87-2ac9f74eb3cb,Line,Linear,1.94567272812029,1.94567272812029,1.11048840451986,3394170.85396006,242.142128621993,-40.625816240982,NaN,NaN,NaN,,Measurements,1.27 m,[0. 0. 0. 0],2.5,3376381.99372514,-325151.084935046,-121298.891579552
c70cfdf8-db1b-4f91-9bb7-feb94aa24808,Line,Linear,3.87018138921761,3.87018138921761,1.8138735704124,3394169.06895371,248.179450678932,-33.8155436193814,NaN,NaN,NaN,,Measurements,2.15 m,[0. 0. 0. 0],2.5,3376379.91619773,-325148.623860032,-121303.528163703
1ab03361-1cb3-4713-ba6e-e8ef6bc4b8ae,Line,Linear,5.69125318892187,5.69125318892187,1.74011752055958,3394169.87435922,237.863253533293,-23.5553179647525,NaN,NaN,NaN,,Measurements,2.27 m,[0. 0. 0. 0],2.5,3376380.33742983,-325154.467452832,-121299.707581512
4ce7731f-02da-49af-89e3-62e85c1e6a20,Line,Linear,6.91725663432671,6.91725663432671,2.34158419026062,3394170.66085297,236.46605539801,-25.5092836498654,NaN,NaN,NaN,,Measurements,2.98 m,[0. 0. 0. 0],2.5,3376380.74344614,-325155.856849822,-121298.274067962
60e00f09-eedd-4d6c-bdfd-03937c36819a,Line,Linear,2.67238649025407,2.67238649025407,2.00987576786429,3394167.25748041,239.270426587054,-54.5577889115186,NaN,NaN,NaN,,Measurements,2.17 m,[0. 0. 0. 0],2.5,3376377.76826262,-325150.57888795,-121304.645123465
71cd315b-02b2-4e24-a158-71f732230c5c,Line,Linear,3.67356288006731,3.67356288006731,2.80002649873495,3394167.66519451,230.724352982313,-55.2531165572751,NaN,NaN,NaN,,Measurements,3.02 m,[0. 0. 0. 0],2.5,3376377.41837118,-325155.070621652,-121302.697642291
6b7058f5-5e9e-434d-808c-95ce94b35bb8,Line,Linear,4.21973860779086,4.21973860779086,3.32779060536996,3394168.12873957,228.918336961532,-57.5998453491102,NaN,NaN,NaN,,Measurements,3.56 m,[0. 0. 0. 0],2.5,3376377.41243333,-325157.508670152,-121301.91440046
471a8b0c-34f2-43f4-8d6b-e254e1a05f02,Line,Linear,5.34739982934439,5.34739982934439,2.75158529821783,3394165.17524446,106.876684022309,-26.3626892820923,NaN,NaN,NaN,,Measurements,2.38 m,[0. 0. 0. 0],2.5,3376375.40951461,-325149.096087611,-121305.634009088
14129ced-f819-4caf-a055-b1eb793673c1,Line,Linear,15.8566027542494,15.8566027542494,13.069258264266,3394172.25402473,208.517476931533,-60.1320600775087,NaN,NaN,NaN,,Measurements,13.75 m,[0. 0. 0. 0],2.5,3376377.60264766,-325146.096805418,-121306.350911955
a8333792-ae5a-4f95-9801-01c7be760e4f,Line,Linear,31.6661650887237,31.6661650887237,3.35763961402699,3394175.78287326,300.720561303617,2.41925310836992,NaN,NaN,NaN,,Measurements,31.67 m,[0. 0. 0. 0],2.5,3376385.3453765,-325157.630190261,-121294.531760587
